{
    "key": "Minewood",
    "category": "wood",
    "primary": "5.5",
    "secondary": "4",
    "tertiary": "7",
    "durability": "1024",
    "integrityCost": "3",
    "integrityGain": "4",
    "magicCapacity": "90",
    "toolLevel": "4",
    "toolEfficiency": "24",
    "tints": {
        "glyph": "B5A48F",
        "texture": "B5A48F"
    },
    "textures": [
        "crude",
        "wooden"
    ],
    "material": {
        "item": "twilightforest:mine_planks"
    },
    "requiredTools": {
        "axe": 5
    }
}