{
    "key": "Sortingwood",
    "category": "wood",
    "primary": "5.5",
    "secondary": "4",
    "tertiary": "7",
    "durability": "1024",
    "integrityCost": "3",
    "integrityGain": "4",
    "magicCapacity": "90",
    "toolLevel": "3",
    "toolEfficiency": "7",
    "tints": {
        "glyph": "70441D",
        "texture": "70441D"
    },
    "textures": [
        "crude",
        "wooden"
    ],
    "material": {
        "item": "twilightforest:sort_planks"
    },
    "improvements": {
        "enchantment/unbreaking": 3
    },
    "requiredTools": {
        "axe": 5
    }
}