{
    "key": "Timewood",
    "category": "wood",
    "primary": "5.5",
    "secondary": "4",
    "tertiary": "7",
    "durability": "1024",
    "integrityCost": "3",
    "integrityGain": "4",
    "magicCapacity": "90",
    "toolLevel": "3",
    "toolEfficiency": "7",
    "tints": {
        "glyph": "7C5838",
        "texture": "7C5838"
    },
    "textures": [
        "crude",
        "wooden"
    ],
    "material": {
        "item": "twilightforest:time_planks"
    },
    "effects": {
        "stabilizing": 30
    },
    "requiredTools": {
        "axe": 5
    }
}