{
    "key": "Transwood",
    "category": "wood",
    "primary": "5.5",
    "secondary": "4",
    "tertiary": "7",
    "durability": "1024",
    "integrityCost": "3",
    "integrityGain": "4",
    "magicCapacity": "90",
    "toolLevel": "3",
    "toolEfficiency": "7",
    "tints": {
        "glyph": "95856B",
        "texture": "95856B"
    },
    "textures": [
        "crude",
        "wooden"
    ],
    "material": {
        "item": "twilightforest:trans_planks"
    },
    "improvements": {
        "workable": 1
    },
    "requiredTools": {
        "axe": 5
    }
}